cluster_id,num_datanodes,node_profile,cpu_cores_per_node,ram_gb_per_node,total_cpu_cores,total_ram_gb
cluster_001,3,small,4,8,12,24
cluster_002,3,medium,8,16,24,48
cluster_003,3,large,16,32,48,96
cluster_004,5,small,4,8,20,40
cluster_005,5,medium,8,16,40,80
cluster_006,5,large,16,32,80,160
cluster_007,8,small,4,8,32,64
cluster_008,8,medium,8,16,64,128
cluster_009,8,large,16,32,128,256
cluster_010,10,small,4,8,40,80
cluster_011,10,medium,8,16,80,160
cluster_012,10,large,16,32,160,320
cluster_013,15,small,4,8,60,120
cluster_014,15,medium,8,16,120,240
cluster_015,15,large,16,32,240,480
cluster_016,20,small,4,8,80,160
cluster_017,20,medium,8,16,160,320
cluster_018,20,large,16,32,320,640
