scenario_id,block_id,block_size_mb,replica_datanodes,replication_factor
SC01,Block_1,128,DataNode_2;DataNode_1;DataNode_4,3
SC01,Block_2,128,DataNode_3;DataNode_2;DataNode_1,3
SC01,Block_3,128,DataNode_5;DataNode_2;DataNode_1,3
SC01,Block_4,128,DataNode_5;DataNode_2;DataNode_3,3
SC01,Block_5,128,DataNode_2;DataNode_5;DataNode_4,3
SC01,Block_6,128,DataNode_2;DataNode_1;DataNode_5,3
SC01,Block_7,128,DataNode_2;DataNode_5;DataNode_3,3
SC01,Block_8,128,DataNode_3;DataNode_2;DataNode_1,3
SC01,Block_9,128,DataNode_1;DataNode_2;DataNode_5,3
SC01,Block_10,128,DataNode_3;DataNode_2;DataNode_5,3
SC01,Block_11,128,DataNode_3;DataNode_1;DataNode_4,3
SC01,Block_12,128,DataNode_3;DataNode_1;DataNode_4,3
SC01,Block_13,128,DataNode_4;DataNode_1;DataNode_3,3
SC01,Block_14,128,DataNode_1;DataNode_4;DataNode_2,3
SC01,Block_15,128,DataNode_3;DataNode_1;DataNode_2,3
SC01,Block_16,128,DataNode_5;DataNode_2;DataNode_3,3
SC01,Block_17,128,DataNode_1;DataNode_3;DataNode_2,3
SC01,Block_18,128,DataNode_1;DataNode_5;DataNode_2,3
SC01,Block_19,128,DataNode_4;DataNode_5;DataNode_3,3
SC01,Block_20,128,DataNode_1;DataNode_4;DataNode_3,3
SC01,Block_21,128,DataNode_4;DataNode_1;DataNode_5,3
SC01,Block_22,128,DataNode_3;DataNode_2;DataNode_1,3
SC01,Block_23,128,DataNode_2;DataNode_3;DataNode_4,3
SC01,Block_24,128,DataNode_5;DataNode_3;DataNode_2,3
SC01,Block_25,128,DataNode_5;DataNode_3;DataNode_2,3
SC01,Block_26,128,DataNode_5;DataNode_4;DataNode_1,3
SC01,Block_27,128,DataNode_1;DataNode_2;DataNode_4,3
SC01,Block_28,128,DataNode_4;DataNode_2;DataNode_5,3
SC01,Block_29,128,DataNode_3;DataNode_4;DataNode_2,3
SC01,Block_30,128,DataNode_4;DataNode_1;DataNode_2,3
SC01,Block_31,128,DataNode_4;DataNode_3;DataNode_5,3
SC01,Block_32,128,DataNode_3;DataNode_5;DataNode_1,3
SC01,Block_33,128,DataNode_4;DataNode_1;DataNode_5,3
SC01,Block_34,128,DataNode_1;DataNode_5;DataNode_2,3
SC01,Block_35,128,DataNode_1;DataNode_3;DataNode_5,3
SC01,Block_36,128,DataNode_5;DataNode_1;DataNode_3,3
SC01,Block_37,128,DataNode_5;DataNode_3;DataNode_4,3
SC01,Block_38,128,DataNode_1;DataNode_4;DataNode_2,3
SC01,Block_39,128,DataNode_4;DataNode_1;DataNode_2,3
SC01,Block_40,128,DataNode_5;DataNode_3;DataNode_2,3
SC02,Block_1,128,DataNode_1;DataNode_2;DataNode_5,3
SC02,Block_2,128,DataNode_4;DataNode_2;DataNode_1,3
SC02,Block_3,128,DataNode_3;DataNode_5;DataNode_1,3
SC02,Block_4,128,DataNode_3;DataNode_2;DataNode_4,3
SC02,Block_5,128,DataNode_5;DataNode_1;DataNode_3,3
SC02,Block_6,128,DataNode_3;DataNode_1;DataNode_4,3
SC02,Block_7,128,DataNode_3;DataNode_5;DataNode_2,3
SC02,Block_8,128,DataNode_3;DataNode_1;DataNode_4,3
SC02,Block_9,128,DataNode_2;DataNode_4;DataNode_1,3
SC02,Block_10,128,DataNode_2;DataNode_1;DataNode_4,3
SC02,Block_11,128,DataNode_5;DataNode_2;DataNode_4,3
SC02,Block_12,128,DataNode_4;DataNode_5;DataNode_2,3
SC02,Block_13,128,DataNode_2;DataNode_3;DataNode_5,3
SC02,Block_14,128,DataNode_3;DataNode_1;DataNode_4,3
SC02,Block_15,128,DataNode_2;DataNode_5;DataNode_3,3
SC02,Block_16,128,DataNode_1;DataNode_5;DataNode_2,3
SC02,Block_17,128,DataNode_4;DataNode_5;DataNode_2,3
SC02,Block_18,128,DataNode_5;DataNode_4;DataNode_2,3
SC02,Block_19,128,DataNode_3;DataNode_2;DataNode_5,3
SC02,Block_20,128,DataNode_1;DataNode_3;DataNode_2,3
SC02,Block_21,128,DataNode_1;DataNode_3;DataNode_4,3
SC02,Block_22,128,DataNode_5;DataNode_4;DataNode_3,3
SC02,Block_23,128,DataNode_3;DataNode_1;DataNode_4,3
SC02,Block_24,128,DataNode_4;DataNode_1;DataNode_5,3
SC02,Block_25,128,DataNode_2;DataNode_3;DataNode_1,3
SC02,Block_26,128,DataNode_2;DataNode_3;DataNode_5,3
SC02,Block_27,128,DataNode_3;DataNode_1;DataNode_4,3
SC02,Block_28,128,DataNode_4;DataNode_5;DataNode_1,3
SC02,Block_29,128,DataNode_2;DataNode_4;DataNode_3,3
SC02,Block_30,128,DataNode_2;DataNode_3;DataNode_1,3
SC02,Block_31,128,DataNode_4;DataNode_1;DataNode_2,3
SC02,Block_32,128,DataNode_1;DataNode_4;DataNode_5,3
SC02,Block_33,128,DataNode_3;DataNode_4;DataNode_5,3
SC02,Block_34,128,DataNode_4;DataNode_5;DataNode_2,3
SC02,Block_35,128,DataNode_1;DataNode_4;DataNode_5,3
SC02,Block_36,128,DataNode_3;DataNode_2;DataNode_5,3
SC02,Block_37,128,DataNode_4;DataNode_3;DataNode_1,3
SC02,Block_38,128,DataNode_4;DataNode_1;DataNode_5,3
SC02,Block_39,128,DataNode_4;DataNode_5;DataNode_3,3
SC02,Block_40,128,DataNode_1;DataNode_4;DataNode_2,3
SC03,Block_1,128,DataNode_3;DataNode_2;DataNode_4,3
SC03,Block_2,128,DataNode_2;DataNode_1;DataNode_3,3
SC03,Block_3,128,DataNode_1;DataNode_2;DataNode_4,3
SC03,Block_4,128,DataNode_3;DataNode_2;DataNode_1,3
SC03,Block_5,128,DataNode_1;DataNode_2;DataNode_4,3
SC03,Block_6,128,DataNode_2;DataNode_5;DataNode_3,3
SC03,Block_7,128,DataNode_2;DataNode_1;DataNode_4,3
SC03,Block_8,128,DataNode_4;DataNode_5;DataNode_3,3
SC03,Block_9,128,DataNode_5;DataNode_4;DataNode_3,3
SC03,Block_10,128,DataNode_5;DataNode_3;DataNode_4,3
SC03,Block_11,128,DataNode_3;DataNode_2;DataNode_4,3
SC03,Block_12,128,DataNode_1;DataNode_4;DataNode_2,3
SC03,Block_13,128,DataNode_3;DataNode_5;DataNode_4,3
SC03,Block_14,128,DataNode_1;DataNode_3;DataNode_4,3
SC03,Block_15,128,DataNode_1;DataNode_3;DataNode_2,3
SC03,Block_16,128,DataNode_4;DataNode_1;DataNode_5,3
SC03,Block_17,128,DataNode_3;DataNode_5;DataNode_1,3
SC03,Block_18,128,DataNode_1;DataNode_4;DataNode_2,3
SC03,Block_19,128,DataNode_5;DataNode_1;DataNode_2,3
SC03,Block_20,128,DataNode_5;DataNode_2;DataNode_4,3
SC03,Block_21,128,DataNode_5;DataNode_4;DataNode_3,3
SC03,Block_22,128,DataNode_2;DataNode_1;DataNode_5,3
SC03,Block_23,128,DataNode_1;DataNode_3;DataNode_4,3
SC03,Block_24,128,DataNode_1;DataNode_2;DataNode_5,3
SC03,Block_25,128,DataNode_2;DataNode_4;DataNode_5,3
SC03,Block_26,128,DataNode_5;DataNode_2;DataNode_4,3
SC03,Block_27,128,DataNode_3;DataNode_5;DataNode_2,3
SC03,Block_28,128,DataNode_4;DataNode_3;DataNode_5,3
SC03,Block_29,128,DataNode_5;DataNode_1;DataNode_3,3
SC03,Block_30,128,DataNode_3;DataNode_1;DataNode_2,3
SC03,Block_31,128,DataNode_1;DataNode_4;DataNode_2,3
SC03,Block_32,128,DataNode_3;DataNode_2;DataNode_4,3
SC03,Block_33,128,DataNode_1;DataNode_2;DataNode_4,3
SC03,Block_34,128,DataNode_3;DataNode_4;DataNode_1,3
SC03,Block_35,128,DataNode_5;DataNode_1;DataNode_2,3
SC03,Block_36,128,DataNode_5;DataNode_4;DataNode_3,3
SC03,Block_37,128,DataNode_3;DataNode_2;DataNode_5,3
SC03,Block_38,128,DataNode_5;DataNode_1;DataNode_3,3
SC03,Block_39,128,DataNode_4;DataNode_3;DataNode_1,3
SC03,Block_40,128,DataNode_3;DataNode_5;DataNode_1,3
SC04,Block_1,128,DataNode_2;DataNode_3;DataNode_5,3
SC04,Block_2,128,DataNode_2;DataNode_5;DataNode_1,3
SC04,Block_3,128,DataNode_2;DataNode_1;DataNode_5,3
SC04,Block_4,128,DataNode_1;DataNode_5;DataNode_3,3
SC04,Block_5,128,DataNode_3;DataNode_2;DataNode_5,3
SC04,Block_6,128,DataNode_4;DataNode_2;DataNode_1,3
SC04,Block_7,128,DataNode_2;DataNode_5;DataNode_3,3
SC04,Block_8,128,DataNode_4;DataNode_1;DataNode_2,3
SC04,Block_9,128,DataNode_3;DataNode_2;DataNode_4,3
SC04,Block_10,128,DataNode_5;DataNode_3;DataNode_4,3
SC04,Block_11,128,DataNode_4;DataNode_2;DataNode_3,3
SC04,Block_12,128,DataNode_2;DataNode_3;DataNode_5,3
SC04,Block_13,128,DataNode_2;DataNode_3;DataNode_4,3
SC04,Block_14,128,DataNode_5;DataNode_4;DataNode_2,3
SC04,Block_15,128,DataNode_3;DataNode_4;DataNode_5,3
SC04,Block_16,128,DataNode_5;DataNode_4;DataNode_1,3
SC04,Block_17,128,DataNode_2;DataNode_5;DataNode_4,3
SC04,Block_18,128,DataNode_1;DataNode_4;DataNode_2,3
SC04,Block_19,128,DataNode_5;DataNode_1;DataNode_3,3
SC04,Block_20,128,DataNode_5;DataNode_1;DataNode_2,3
SC04,Block_21,128,DataNode_1;DataNode_2;DataNode_4,3
SC04,Block_22,128,DataNode_4;DataNode_2;DataNode_5,3
SC04,Block_23,128,DataNode_1;DataNode_2;DataNode_4,3
SC04,Block_24,128,DataNode_3;DataNode_1;DataNode_2,3
SC04,Block_25,128,DataNode_1;DataNode_4;DataNode_3,3
SC04,Block_26,128,DataNode_3;DataNode_2;DataNode_4,3
SC04,Block_27,128,DataNode_1;DataNode_3;DataNode_5,3
SC04,Block_28,128,DataNode_1;DataNode_3;DataNode_5,3
SC04,Block_29,128,DataNode_3;DataNode_2;DataNode_1,3
SC04,Block_30,128,DataNode_1;DataNode_3;DataNode_2,3
SC04,Block_31,128,DataNode_2;DataNode_4;DataNode_5,3
SC04,Block_32,128,DataNode_5;DataNode_1;DataNode_4,3
SC04,Block_33,128,DataNode_1;DataNode_3;DataNode_5,3
SC04,Block_34,128,DataNode_2;DataNode_4;DataNode_1,3
SC04,Block_35,128,DataNode_3;DataNode_2;DataNode_4,3
SC04,Block_36,128,DataNode_1;DataNode_5;DataNode_4,3
SC04,Block_37,128,DataNode_4;DataNode_5;DataNode_1,3
SC04,Block_38,128,DataNode_1;DataNode_4;DataNode_3,3
SC04,Block_39,128,DataNode_5;DataNode_1;DataNode_3,3
SC04,Block_40,128,DataNode_5;DataNode_2;DataNode_3,3
SC05,Block_1,64,DataNode_3;DataNode_8,2
SC05,Block_2,64,DataNode_7;DataNode_1,2
SC05,Block_3,64,DataNode_6;DataNode_2,2
SC05,Block_4,64,DataNode_7;DataNode_2,2
SC05,Block_5,64,DataNode_2;DataNode_5,2
SC05,Block_6,64,DataNode_6;DataNode_1,2
SC05,Block_7,64,DataNode_1;DataNode_4,2
SC05,Block_8,64,DataNode_8;DataNode_1,2
SC05,Block_9,64,DataNode_7;DataNode_3,2
SC05,Block_10,64,DataNode_5;DataNode_6,2
SC05,Block_11,64,DataNode_1;DataNode_3,2
SC05,Block_12,64,DataNode_2;DataNode_3,2
SC05,Block_13,64,DataNode_4;DataNode_6,2
SC05,Block_14,64,DataNode_2;DataNode_7,2
SC05,Block_15,64,DataNode_6;DataNode_2,2
SC05,Block_16,64,DataNode_1;DataNode_3,2
SC05,Block_17,64,DataNode_6;DataNode_7,2
SC05,Block_18,64,DataNode_3;DataNode_7,2
SC05,Block_19,64,DataNode_8;DataNode_6,2
SC05,Block_20,64,DataNode_8;DataNode_6,2
SC05,Block_21,64,DataNode_3;DataNode_7,2
SC05,Block_22,64,DataNode_3;DataNode_1,2
SC05,Block_23,64,DataNode_8;DataNode_1,2
SC05,Block_24,64,DataNode_5;DataNode_2,2
SC05,Block_25,64,DataNode_1;DataNode_7,2
SC05,Block_26,64,DataNode_4;DataNode_1,2
SC05,Block_27,64,DataNode_6;DataNode_3,2
SC05,Block_28,64,DataNode_7;DataNode_8,2
SC05,Block_29,64,DataNode_8;DataNode_3,2
SC05,Block_30,64,DataNode_1;DataNode_7,2
SC05,Block_31,64,DataNode_4;DataNode_3,2
SC05,Block_32,64,DataNode_6;DataNode_7,2
SC05,Block_33,64,DataNode_1;DataNode_7,2
SC05,Block_34,64,DataNode_6;DataNode_3,2
SC05,Block_35,64,DataNode_2;DataNode_7,2
SC05,Block_36,64,DataNode_6;DataNode_4,2
SC05,Block_37,64,DataNode_7;DataNode_6,2
SC05,Block_38,64,DataNode_8;DataNode_4,2
SC05,Block_39,64,DataNode_6;DataNode_2,2
SC05,Block_40,64,DataNode_8;DataNode_6,2
SC06,Block_1,256,DataNode_8;DataNode_6;DataNode_5,3
SC06,Block_2,256,DataNode_2;DataNode_7;DataNode_10,3
SC06,Block_3,256,DataNode_7;DataNode_3;DataNode_5,3
SC06,Block_4,256,DataNode_6;DataNode_2;DataNode_9,3
SC06,Block_5,256,DataNode_6;DataNode_5;DataNode_9,3
SC06,Block_6,256,DataNode_8;DataNode_7;DataNode_3,3
SC06,Block_7,256,DataNode_8;DataNode_6;DataNode_10,3
SC06,Block_8,256,DataNode_1;DataNode_6;DataNode_7,3
SC06,Block_9,256,DataNode_5;DataNode_1;DataNode_2,3
SC06,Block_10,256,DataNode_7;DataNode_6;DataNode_3,3
SC06,Block_11,256,DataNode_1;DataNode_3;DataNode_8,3
SC06,Block_12,256,DataNode_1;DataNode_3;DataNode_2,3
SC06,Block_13,256,DataNode_4;DataNode_6;DataNode_9,3
SC06,Block_14,256,DataNode_7;DataNode_1;DataNode_3,3
SC06,Block_15,256,DataNode_8;DataNode_6;DataNode_9,3
SC06,Block_16,256,DataNode_8;DataNode_2;DataNode_3,3
SC06,Block_17,256,DataNode_9;DataNode_6;DataNode_7,3
SC06,Block_18,256,DataNode_6;DataNode_5;DataNode_4,3
SC06,Block_19,256,DataNode_2;DataNode_1;DataNode_3,3
SC06,Block_20,256,DataNode_8;DataNode_9;DataNode_7,3
SC06,Block_21,256,DataNode_9;DataNode_2;DataNode_5,3
SC06,Block_22,256,DataNode_5;DataNode_8;DataNode_4,3
SC06,Block_23,256,DataNode_10;DataNode_5;DataNode_8,3
SC06,Block_24,256,DataNode_4;DataNode_2;DataNode_3,3
SC06,Block_25,256,DataNode_2;DataNode_8;DataNode_3,3
SC06,Block_26,256,DataNode_8;DataNode_2;DataNode_6,3
SC06,Block_27,256,DataNode_6;DataNode_2;DataNode_5,3
SC06,Block_28,256,DataNode_5;DataNode_3;DataNode_9,3
SC06,Block_29,256,DataNode_6;DataNode_9;DataNode_4,3
SC06,Block_30,256,DataNode_2;DataNode_4;DataNode_3,3
SC06,Block_31,256,DataNode_4;DataNode_8;DataNode_1,3
SC06,Block_32,256,DataNode_6;DataNode_9;DataNode_10,3
SC06,Block_33,256,DataNode_8;DataNode_9;DataNode_3,3
SC06,Block_34,256,DataNode_10;DataNode_2;DataNode_9,3
SC06,Block_35,256,DataNode_5;DataNode_7;DataNode_8,3
SC06,Block_36,256,DataNode_9;DataNode_7;DataNode_10,3
SC06,Block_37,256,DataNode_10;DataNode_2;DataNode_3,3
SC06,Block_38,256,DataNode_6;DataNode_2;DataNode_8,3
SC06,Block_39,256,DataNode_8;DataNode_9;DataNode_6,3
SC06,Block_40,256,DataNode_3;DataNode_9;DataNode_10,3
SC07,Block_1,128,DataNode_1;DataNode_2;DataNode_3,3
SC07,Block_2,128,DataNode_1;DataNode_3;DataNode_2,3
SC07,Block_3,128,DataNode_1;DataNode_3;DataNode_2,3
SC07,Block_4,128,DataNode_3;DataNode_1;DataNode_2,3
SC07,Block_5,128,DataNode_3;DataNode_2;DataNode_1,3
SC07,Block_6,128,DataNode_2;DataNode_1;DataNode_3,3
SC07,Block_7,128,DataNode_1;DataNode_2;DataNode_3,3
SC07,Block_8,128,DataNode_3;DataNode_1;DataNode_2,3
SC07,Block_9,128,DataNode_1;DataNode_2;DataNode_3,3
SC07,Block_10,128,DataNode_1;DataNode_3;DataNode_2,3
SC07,Block_11,128,DataNode_3;DataNode_2;DataNode_1,3
SC07,Block_12,128,DataNode_3;DataNode_2;DataNode_1,3
SC07,Block_13,128,DataNode_2;DataNode_3;DataNode_1,3
SC07,Block_14,128,DataNode_2;DataNode_1;DataNode_3,3
SC07,Block_15,128,DataNode_2;DataNode_3;DataNode_1,3
SC07,Block_16,128,DataNode_3;DataNode_1;DataNode_2,3
SC07,Block_17,128,DataNode_2;DataNode_3;DataNode_1,3
SC07,Block_18,128,DataNode_2;DataNode_1;DataNode_3,3
SC07,Block_19,128,DataNode_3;DataNode_1;DataNode_2,3
SC07,Block_20,128,DataNode_3;DataNode_2;DataNode_1,3
SC07,Block_21,128,DataNode_2;DataNode_1;DataNode_3,3
SC07,Block_22,128,DataNode_3;DataNode_1;DataNode_2,3
SC07,Block_23,128,DataNode_1;DataNode_2;DataNode_3,3
SC07,Block_24,128,DataNode_2;DataNode_3;DataNode_1,3
SC07,Block_25,128,DataNode_1;DataNode_3;DataNode_2,3
SC07,Block_26,128,DataNode_2;DataNode_3;DataNode_1,3
SC07,Block_27,128,DataNode_1;DataNode_3;DataNode_2,3
SC07,Block_28,128,DataNode_3;DataNode_2;DataNode_1,3
SC07,Block_29,128,DataNode_1;DataNode_2;DataNode_3,3
SC07,Block_30,128,DataNode_2;DataNode_3;DataNode_1,3
SC07,Block_31,128,DataNode_1;DataNode_3;DataNode_2,3
SC07,Block_32,128,DataNode_3;DataNode_2;DataNode_1,3
SC07,Block_33,128,DataNode_1;DataNode_2;DataNode_3,3
SC07,Block_34,128,DataNode_1;DataNode_2;DataNode_3,3
SC07,Block_35,128,DataNode_3;DataNode_2;DataNode_1,3
SC07,Block_36,128,DataNode_3;DataNode_1;DataNode_2,3
SC07,Block_37,128,DataNode_2;DataNode_1;DataNode_3,3
SC07,Block_38,128,DataNode_3;DataNode_2;DataNode_1,3
SC07,Block_39,128,DataNode_2;DataNode_1;DataNode_3,3
SC07,Block_40,128,DataNode_1;DataNode_3;DataNode_2,3
SC08,Block_1,128,DataNode_9;DataNode_5;DataNode_2,3
SC08,Block_2,128,DataNode_7;DataNode_9;DataNode_8,3
SC08,Block_3,128,DataNode_13;DataNode_9;DataNode_5,3
SC08,Block_4,128,DataNode_14;DataNode_10;DataNode_11,3
SC08,Block_5,128,DataNode_10;DataNode_2;DataNode_3,3
SC08,Block_6,128,DataNode_2;DataNode_7;DataNode_6,3
SC08,Block_7,128,DataNode_13;DataNode_6;DataNode_9,3
SC08,Block_8,128,DataNode_6;DataNode_13;DataNode_3,3
SC08,Block_9,128,DataNode_4;DataNode_10;DataNode_9,3
SC08,Block_10,128,DataNode_7;DataNode_9;DataNode_1,3
SC08,Block_11,128,DataNode_1;DataNode_15;DataNode_3,3
SC08,Block_12,128,DataNode_12;DataNode_6;DataNode_13,3
SC08,Block_13,128,DataNode_8;DataNode_9;DataNode_15,3
SC08,Block_14,128,DataNode_3;DataNode_10;DataNode_9,3
SC08,Block_15,128,DataNode_3;DataNode_6;DataNode_10,3
SC08,Block_16,128,DataNode_6;DataNode_3;DataNode_7,3
SC08,Block_17,128,DataNode_10;DataNode_12;DataNode_5,3
SC08,Block_18,128,DataNode_10;DataNode_6;DataNode_9,3
SC08,Block_19,128,DataNode_14;DataNode_9;DataNode_15,3
SC08,Block_20,128,DataNode_8;DataNode_12;DataNode_10,3
SC08,Block_21,128,DataNode_5;DataNode_8;DataNode_1,3
SC08,Block_22,128,DataNode_6;DataNode_15;DataNode_11,3
SC08,Block_23,128,DataNode_2;DataNode_7;DataNode_10,3
SC08,Block_24,128,DataNode_5;DataNode_13;DataNode_12,3
SC08,Block_25,128,DataNode_14;DataNode_12;DataNode_11,3
SC08,Block_26,128,DataNode_1;DataNode_10;DataNode_8,3
SC08,Block_27,128,DataNode_5;DataNode_11;DataNode_13,3
SC08,Block_28,128,DataNode_13;DataNode_10;DataNode_14,3
SC08,Block_29,128,DataNode_4;DataNode_12;DataNode_1,3
SC08,Block_30,128,DataNode_10;DataNode_8;DataNode_3,3
SC08,Block_31,128,DataNode_9;DataNode_11;DataNode_12,3
SC08,Block_32,128,DataNode_10;DataNode_13;DataNode_7,3
SC08,Block_33,128,DataNode_3;DataNode_14;DataNode_11,3
SC08,Block_34,128,DataNode_4;DataNode_1;DataNode_10,3
SC08,Block_35,128,DataNode_12;DataNode_2;DataNode_4,3
SC08,Block_36,128,DataNode_1;DataNode_8;DataNode_6,3
SC08,Block_37,128,DataNode_7;DataNode_3;DataNode_15,3
SC08,Block_38,128,DataNode_12;DataNode_4;DataNode_7,3
SC08,Block_39,128,DataNode_9;DataNode_13;DataNode_10,3
SC08,Block_40,128,DataNode_15;DataNode_8;DataNode_12,3
SC09,Block_1,128,DataNode_1;DataNode_6;DataNode_2,3
SC09,Block_2,128,DataNode_4;DataNode_5;DataNode_3,3
SC09,Block_3,128,DataNode_8;DataNode_5;DataNode_4,3
SC09,Block_4,128,DataNode_6;DataNode_2;DataNode_4,3
SC09,Block_5,128,DataNode_6;DataNode_5;DataNode_3,3
SC09,Block_6,128,DataNode_5;DataNode_8;DataNode_4,3
SC09,Block_7,128,DataNode_4;DataNode_2;DataNode_3,3
SC09,Block_8,128,DataNode_5;DataNode_2;DataNode_3,3
SC09,Block_9,128,DataNode_5;DataNode_6;DataNode_2,3
SC09,Block_10,128,DataNode_8;DataNode_3;DataNode_4,3
SC09,Block_11,128,DataNode_6;DataNode_5;DataNode_8,3
SC09,Block_12,128,DataNode_5;DataNode_3;DataNode_1,3
SC09,Block_13,128,DataNode_7;DataNode_4;DataNode_3,3
SC09,Block_14,128,DataNode_3;DataNode_8;DataNode_1,3
SC09,Block_15,128,DataNode_5;DataNode_6;DataNode_1,3
SC09,Block_16,128,DataNode_6;DataNode_4;DataNode_8,3
SC09,Block_17,128,DataNode_5;DataNode_6;DataNode_4,3
SC09,Block_18,128,DataNode_4;DataNode_2;DataNode_5,3
SC09,Block_19,128,DataNode_5;DataNode_8;DataNode_6,3
SC09,Block_20,128,DataNode_5;DataNode_2;DataNode_1,3
SC09,Block_21,128,DataNode_4;DataNode_2;DataNode_1,3
SC09,Block_22,128,DataNode_4;DataNode_6;DataNode_2,3
SC09,Block_23,128,DataNode_1;DataNode_8;DataNode_4,3
SC09,Block_24,128,DataNode_6;DataNode_8;DataNode_4,3
SC09,Block_25,128,DataNode_2;DataNode_6;DataNode_8,3
SC09,Block_26,128,DataNode_1;DataNode_5;DataNode_2,3
SC09,Block_27,128,DataNode_7;DataNode_6;DataNode_4,3
SC09,Block_28,128,DataNode_8;DataNode_6;DataNode_2,3
SC09,Block_29,128,DataNode_5;DataNode_3;DataNode_7,3
SC09,Block_30,128,DataNode_1;DataNode_7;DataNode_8,3
SC09,Block_31,128,DataNode_4;DataNode_5;DataNode_6,3
SC09,Block_32,128,DataNode_1;DataNode_2;DataNode_4,3
SC09,Block_33,128,DataNode_3;DataNode_1;DataNode_4,3
SC09,Block_34,128,DataNode_8;DataNode_2;DataNode_6,3
SC09,Block_35,128,DataNode_5;DataNode_1;DataNode_7,3
SC09,Block_36,128,DataNode_5;DataNode_8;DataNode_7,3
SC09,Block_37,128,DataNode_2;DataNode_3;DataNode_7,3
SC09,Block_38,128,DataNode_8;DataNode_6;DataNode_5,3
SC09,Block_39,128,DataNode_8;DataNode_2;DataNode_5,3
SC09,Block_40,128,DataNode_8;DataNode_3;DataNode_2,3
SC10,Block_1,128,DataNode_1;DataNode_3,2
SC10,Block_2,128,DataNode_2;DataNode_4,2
SC10,Block_3,128,DataNode_6;DataNode_3,2
SC10,Block_4,128,DataNode_6;DataNode_2,2
SC10,Block_5,128,DataNode_1;DataNode_3,2
SC10,Block_6,128,DataNode_3;DataNode_5,2
SC10,Block_7,128,DataNode_6;DataNode_2,2
SC10,Block_8,128,DataNode_2;DataNode_5,2
SC10,Block_9,128,DataNode_6;DataNode_4,2
SC10,Block_10,128,DataNode_4;DataNode_5,2
SC10,Block_11,128,DataNode_3;DataNode_1,2
SC10,Block_12,128,DataNode_4;DataNode_1,2
SC10,Block_13,128,DataNode_2;DataNode_6,2
SC10,Block_14,128,DataNode_4;DataNode_3,2
SC10,Block_15,128,DataNode_2;DataNode_1,2
SC10,Block_16,128,DataNode_3;DataNode_4,2
SC10,Block_17,128,DataNode_2;DataNode_4,2
SC10,Block_18,128,DataNode_3;DataNode_6,2
SC10,Block_19,128,DataNode_3;DataNode_5,2
SC10,Block_20,128,DataNode_6;DataNode_5,2
SC10,Block_21,128,DataNode_1;DataNode_3,2
SC10,Block_22,128,DataNode_6;DataNode_3,2
SC10,Block_23,128,DataNode_6;DataNode_2,2
SC10,Block_24,128,DataNode_1;DataNode_6,2
SC10,Block_25,128,DataNode_4;DataNode_3,2
SC10,Block_26,128,DataNode_2;DataNode_4,2
SC10,Block_27,128,DataNode_6;DataNode_5,2
SC10,Block_28,128,DataNode_6;DataNode_3,2
SC10,Block_29,128,DataNode_6;DataNode_1,2
SC10,Block_30,128,DataNode_6;DataNode_3,2
SC10,Block_31,128,DataNode_3;DataNode_5,2
SC10,Block_32,128,DataNode_2;DataNode_6,2
SC10,Block_33,128,DataNode_2;DataNode_4,2
SC10,Block_34,128,DataNode_2;DataNode_4,2
SC10,Block_35,128,DataNode_6;DataNode_5,2
SC10,Block_36,128,DataNode_3;DataNode_4,2
SC10,Block_37,128,DataNode_6;DataNode_5,2
SC10,Block_38,128,DataNode_4;DataNode_5,2
SC10,Block_39,128,DataNode_6;DataNode_2,2
SC10,Block_40,128,DataNode_2;DataNode_5,2
