scenario_id,stage,start_time_s,duration_s,end_time_s,tasks_involved
SC01,job_submitted,0.0,1.0,1.0,-
SC01,input_split,1.0,2.0,3.0,-
SC01,map_phase,3.0,120.0,123.0,400
SC01,shuffle_sort,123.0,29.0,152.0,-
SC01,reduce_phase,152.0,14.0,166.0,5
SC01,output_write,166.0,2.0,168.0,-
SC01,job_completed,168.0,0.0,168.0,-
SC02,job_submitted,0.0,1.0,1.0,-
SC02,input_split,1.0,2.0,3.0,-
SC02,map_phase,3.0,1200.0,1203.0,4000
SC02,shuffle_sort,1203.0,245.0,1448.0,-
SC02,reduce_phase,1448.0,50.0,1498.0,5
SC02,output_write,1498.0,2.0,1500.0,-
SC02,job_completed,1500.0,0.0,1500.0,-
SC03,job_submitted,0.0,1.0,1.0,-
SC03,input_split,1.0,2.0,3.0,-
SC03,map_phase,3.0,1200.0,1203.0,4000
SC03,shuffle_sort,1203.0,245.0,1448.0,-
SC03,reduce_phase,1448.0,50.0,1498.0,5
SC03,output_write,1498.0,2.0,1500.0,-
SC03,job_completed,1500.0,0.0,1500.0,-
SC04,job_submitted,0.0,1.0,1.0,-
SC04,input_split,1.0,2.0,3.0,-
SC04,map_phase,3.0,1200.0,1203.0,4000
SC04,shuffle_sort,1203.0,245.0,1448.0,-
SC04,reduce_phase,1448.0,50.0,1498.0,5
SC04,output_write,1498.0,2.0,1500.0,-
SC04,job_completed,1500.0,0.0,1500.0,-
SC05,job_submitted,0.0,1.0,1.0,-
SC05,input_split,1.0,2.0,3.0,-
SC05,map_phase,3.0,500.0,503.0,1600
SC05,shuffle_sort,503.0,69.0,572.0,-
SC05,reduce_phase,572.0,26.0,598.0,8
SC05,output_write,598.0,2.0,600.0,-
SC05,job_completed,600.0,0.0,600.0,-
SC06,job_submitted,0.0,1.0,1.0,-
SC06,input_split,1.0,2.0,3.0,-
SC06,map_phase,3.0,160.0,163.0,800
SC06,shuffle_sort,163.0,53.0,216.0,-
SC06,reduce_phase,216.0,18.0,234.0,10
SC06,output_write,234.0,2.0,236.0,-
SC06,job_completed,236.0,0.0,236.0,-
SC07,job_submitted,0.0,1.0,1.0,-
SC07,input_split,1.0,2.0,3.0,-
SC07,map_phase,3.0,168.0,171.0,160
SC07,shuffle_sort,171.0,14.6,185.6,-
SC07,reduce_phase,185.6,11.6,197.2,3
SC07,output_write,197.2,2.0,199.2,-
SC07,job_completed,199.2,0.0,199.2,-
SC08,job_submitted,0.0,1.0,1.0,-
SC08,input_split,1.0,2.0,3.0,-
SC08,map_phase,3.0,300.0,303.0,6000
SC08,shuffle_sort,303.0,365.0,668.0,-
SC08,reduce_phase,668.0,70.0,738.0,15
SC08,output_write,738.0,2.0,740.0,-
SC08,job_completed,740.0,0.0,740.0,-
SC09,job_submitted,0.0,1.0,1.0,-
SC09,input_split,1.0,2.0,3.0,-
SC09,map_phase,3.0,456.0,459.0,2400
SC09,shuffle_sort,459.0,149.0,608.0,-
SC09,reduce_phase,608.0,34.0,642.0,8
SC09,output_write,642.0,2.0,644.0,-
SC09,job_completed,644.0,0.0,644.0,-
SC10,job_submitted,0.0,1.0,1.0,-
SC10,input_split,1.0,2.0,3.0,-
SC10,map_phase,3.0,300.0,303.0,1200
SC10,shuffle_sort,303.0,53.0,356.0,-
SC10,reduce_phase,356.0,22.0,378.0,6
SC10,output_write,378.0,2.0,380.0,-
SC10,job_completed,380.0,0.0,380.0,-
