scenario_id,node_id,cpu_cores_total,ram_gb_total,map_task_cpu_request,map_task_ram_mb_request,containers_available,containers_running,node_status
SC01,NodeManager_1,8,16,1,2048,8,2,HEALTHY
SC01,NodeManager_2,8,16,1,2048,8,8,HEALTHY
SC01,NodeManager_3,8,16,1,2048,8,6,HEALTHY
SC01,NodeManager_4,8,16,1,2048,8,2,HEALTHY
SC01,NodeManager_5,8,16,1,2048,8,2,HEALTHY
SC02,NodeManager_1,8,16,1,2048,8,1,HEALTHY
SC02,NodeManager_2,8,16,1,2048,8,4,HEALTHY
SC02,NodeManager_3,8,16,1,2048,8,3,HEALTHY
SC02,NodeManager_4,8,16,1,2048,8,3,HEALTHY
SC02,NodeManager_5,8,16,1,2048,8,6,HEALTHY
SC03,NodeManager_1,8,16,1,2048,8,8,HEALTHY
SC03,NodeManager_2,8,16,1,2048,8,2,HEALTHY
SC03,NodeManager_3,8,16,1,2048,8,4,HEALTHY
SC03,NodeManager_4,8,16,1,2048,8,8,HEALTHY
SC03,NodeManager_5,8,16,1,2048,8,2,HEALTHY
SC04,NodeManager_1,8,16,1,2048,8,8,HEALTHY
SC04,NodeManager_2,8,16,1,2048,8,1,HEALTHY
SC04,NodeManager_3,8,16,1,2048,8,8,HEALTHY
SC04,NodeManager_4,8,16,1,2048,8,3,HEALTHY
SC04,NodeManager_5,8,16,1,2048,8,7,HEALTHY
SC05,NodeManager_1,4,8,1,2048,4,4,HEALTHY
SC05,NodeManager_2,4,8,1,2048,4,1,HEALTHY
SC05,NodeManager_3,4,8,1,2048,4,4,HEALTHY
SC05,NodeManager_4,4,8,1,2048,4,3,HEALTHY
SC05,NodeManager_5,4,8,1,2048,4,1,HEALTHY
SC05,NodeManager_6,4,8,1,2048,4,4,HEALTHY
SC05,NodeManager_7,4,8,1,2048,4,3,HEALTHY
SC05,NodeManager_8,4,8,1,2048,4,1,HEALTHY
SC06,NodeManager_1,8,16,1,2048,8,4,HEALTHY
SC06,NodeManager_2,8,16,1,2048,8,2,HEALTHY
SC06,NodeManager_3,8,16,1,2048,8,1,HEALTHY
SC06,NodeManager_4,8,16,1,2048,8,7,HEALTHY
SC06,NodeManager_5,8,16,1,2048,8,6,HEALTHY
SC06,NodeManager_6,8,16,1,2048,8,2,HEALTHY
SC06,NodeManager_7,8,16,1,2048,8,1,HEALTHY
SC06,NodeManager_8,8,16,1,2048,8,2,HEALTHY
SC06,NodeManager_9,8,16,1,2048,8,8,HEALTHY
SC06,NodeManager_10,8,16,1,2048,8,1,HEALTHY
SC07,NodeManager_1,4,8,1,2048,4,3,HEALTHY
SC07,NodeManager_2,4,8,1,2048,4,4,HEALTHY
SC07,NodeManager_3,4,8,1,2048,4,2,HEALTHY
SC08,NodeManager_1,16,32,1,2048,16,5,HEALTHY
SC08,NodeManager_2,16,32,1,2048,16,14,HEALTHY
SC08,NodeManager_3,16,32,1,2048,16,12,HEALTHY
SC08,NodeManager_4,16,32,1,2048,16,13,HEALTHY
SC08,NodeManager_5,16,32,1,2048,16,15,HEALTHY
SC08,NodeManager_6,16,32,1,2048,16,13,HEALTHY
SC08,NodeManager_7,16,32,1,2048,16,13,HEALTHY
SC08,NodeManager_8,16,32,1,2048,16,3,HEALTHY
SC08,NodeManager_9,16,32,1,2048,16,5,HEALTHY
SC08,NodeManager_10,16,32,1,2048,16,12,HEALTHY
SC08,NodeManager_11,16,32,1,2048,16,4,HEALTHY
SC08,NodeManager_12,16,32,1,2048,16,6,HEALTHY
SC08,NodeManager_13,16,32,1,2048,16,13,HEALTHY
SC08,NodeManager_14,16,32,1,2048,16,5,HEALTHY
SC08,NodeManager_15,16,32,1,2048,16,8,HEALTHY
SC09,NodeManager_1,8,16,1,2048,8,1,HEALTHY
SC09,NodeManager_2,8,16,1,2048,8,1,HEALTHY
SC09,NodeManager_3,8,16,1,2048,8,5,HEALTHY
SC09,NodeManager_4,8,16,1,2048,8,8,HEALTHY
SC09,NodeManager_5,8,16,1,2048,8,7,HEALTHY
SC09,NodeManager_6,8,16,1,2048,8,7,HEALTHY
SC09,NodeManager_7,8,16,1,2048,8,4,HEALTHY
SC09,NodeManager_8,8,16,1,2048,8,4,HEALTHY
SC10,NodeManager_1,8,16,1,2048,8,8,HEALTHY
SC10,NodeManager_2,8,16,1,2048,8,6,HEALTHY
SC10,NodeManager_3,8,16,1,2048,8,3,HEALTHY
SC10,NodeManager_4,8,16,1,2048,8,5,HEALTHY
SC10,NodeManager_5,8,16,1,2048,8,4,HEALTHY
SC10,NodeManager_6,8,16,1,2048,8,2,HEALTHY
